{
  "Grand Canyon National Park, Arizona, USA": [36.106965, -112.112997],
  "Bryce Canyon National Park, Utah, USA": [37.593038, -112.18709],
  "Craters of the Moon National Monument & Preserve, Idaho, USA": [43.41665, -113.51665],
  "Yellowstone National Park, United States": [44.462085, -110.642441],
  "Pikes Peak, Colorado 80809, USA": [38.840871, -105.04226],
  "Carlsbad Caverns National Park, New Mexico 88220, USA": [32.123169, -104.58745],
  "300 Alamo Plaza, San Antonio, TX 78205, USA": [29.425967, -98.486142],
  "Chickasha, OK, USA": [34.457043, -97.012213],
  "Toltec Mounds Archeological State Park, 490 Toltec Mounds Rd, Scott, AR 72142, USA": [34.647037, -92.065143],
  "Graceland, Elvis Presley Blvd, Memphis, TN 38116, USA": [35.047691, -90.026049],
  "Vicksburg, MS, USA": [32.34655, -90.84985],
  "French Quarter, New Orleans, LA, USA": [29.958443, -90.064411],
  "USS Alabama, 2703 Battleship Pkwy, Mobile, AL 36603, USA": [30.681803, -88.014426],
  "Cape Canaveral, FL 32920, USA": [28.388333, -80.603611],
  "Okefenokee Swamp Park, 5700 Okefenokee Swamp Park Rd, Waycross, GA 31503, USA": [31.056794, -82.272327],
  "Fort Sumter National Monument, South Carolina 29412, USA": [32.752348, -79.874692],
  "907 Lost World Rd, Lewisburg, WV 24901, USA": [37.801788, -80.44563],
  "1000 N croatan hwy, Kill Devil Hills, NC 27948, USA": [35.908226, -75.67573],
  "3200 Mount Vernon Hwy, Mt Vernon, VA 22121, USA": [38.729314, -77.107386],
  "1600 Pennsylvania Ave NW, Washington, DC 20500, USA": [38.897676, -77.03653],
  "100 State Cir, Annapolis, MD 21401, USA": [38.978828, -76.490974],
  "New Castle, DE 19720, USA": [39.658242, -75.562335],
  "200 Congress Pl, Cape May, NJ 08204, USA": [38.931843, -74.924184],
  "N 6th St & Market St, Philadelphia, PA 19106, USA": [39.94961, -75.150282],
  "Statue of Liberty National Monument, New York, NY 10004, USA": [40.689249, -74.0445],
  "351 Farmington Ave, Hartford, CT 06105, USA": [41.766759, -72.701173],
  "44 Ochre Point Ave, Newport, RI 02840, USA": [41.469858, -71.298265],
  "Building 22, Charlestown Navy Yard, Charlestown, MA 02129, USA": [42.37247, -71.056575],
  "Acadia National Park, Maine, USA": [44.338556, -68.273335],
  "Bretton Woods, 99, 03575, Ski Area Rd, Jefferson, NH 03583, United States": [44.25812, -71.441189],
  "1611 Harbor Rd, Shelburne, VT 05482, USA": [44.408948, -73.247227],
  "2211 Woodward Ave, Detroit, MI 48201, USA": [42.387579, -83.084943],
  "4521 Spring Grove Ave, Cincinnati, OH 45232, USA": [39.174331, -84.524997],
  "Mammoth Cave National Park, Kentucky, USA": [37.186998, -86.100528],
  "8538 W Baden Ave, West Baden Springs, IN 47469, USA": [38.566697, -86.617524],
  "The Gateway Arch, St. Louis, MO 63102, USA": [38.624691, -90.184776],
  "201 N 7th St #110, Lincoln, NE 68508, USA": [39.797519, -89.646184],
  "5481 County Rd C, Spring Green, WI 53588, USA": [43.141031, -90.070467],
  "200 Tower Ave, St Paul, MN 55111, USA": [44.89285, -93.180627],
  "2300 Grand Ave, Des Moines, IA 50312, USA": [41.583218, -93.648542],
  "320 S Esplanade St, Leavenworth, KS 66048, USA": [39.317245, -94.909536],
  "Ashfall Fossil Beds State Historical Park, 86930 517th Ave, Royal, NE 68773, USA": [42.425, -98.158611],
  "Mount Rushmore National Memorial, 13000 SD-244, Keystone, SD 57751, USA": [43.879102, -103.459067],
  "15550 ND-1804, Williston, ND 58801, USA": [48.00016, -104.041483],
  "Glacier National Park, Montana, USA": [48.759613, -113.787023],
  "Washington, USA": [46.550684, -119.488974],
  "Columbia River Gorge National Scenic Area, Hood River, OR 97031, USA": [45.711564, -121.519633],
  "1201 Mason St, San Francisco, CA 94108, USA": [37.794781, -122.411715],
  "San Andreas Fault, California, USA": [36.576088, -120.987632],
  "118 Kingman Wash Access Rd, Temple Bar Marina, AZ 86443, USA": [36.016066, -114.737732]
}